"chr","gene","motif"
"chr1","NEXN-AS1","AAG"
"chr1","MORN1","AGCCC"
"chr1","LRRC7","AAAG"
"chr1","KAZN","AAAG"
"chr1","ALPL","AAAAG"
"chr1","MEGF6","AACGCGCAGCCACCAGAC"
"chr1","TGFBR3","AAAATCATGCACGATATTAC"
"chr1","USH2A","AAAG"
"chr1","NKAIN1","AAAG"
"chr1","MIR137,MIR137HG","ACCGCTGCCGCTGCT"
"chr1","FOXJ3","AAGGAG"
"chr1","NUP210L","AAGG"
"chr1","POGZ","AAAAT"
"chr1","PLD5","ACACATATATAT"
"chr1","MAGI3","AAGGAG"
"chr1","MEGF6","AACGCACAGCCACCAGAC"
"chr1","HIVEP3","ACC"
"chr1","TGFBR3","AAAATCATGCATGATATTAC"
"chr1","SLC44A5","AAAG"
"chr1","UBE2U","AAG"
"chr1","NT5C1A","AGAGG"
"chr1","PRKCZ","AACCACCGCCACGACCCT"
"chr1","SCNN1D","ACACGGGACGGAGCAGAG"
"chr1","USH2A","AAAGG"
"chr1","CASQ2","AAG"
"chr1","IBA57","ACAGCGAGCCACGCCC"
"chr1","PRKCZ","AACCACCGCCGTGACCCT"
"chr1","KCNAB2","ACACAGCCGATCCCGGC"
"chr1","UBE2U","AAGGAG"
"chr1","USH2A","AAAG"
"chr1","JAK1","AAAGAAGGAAGGAAGGAAGG"
"chr1","DAB1","AAAG"
"chr1","SERINC2","ACCCTATCC"
"chr1","LINC01307(dist=279959),OLFM3(dist=144079)","AAG"
"chr1","FRRS1(dist=59856),AGL(dist=23072)","AAAG"
"chr1","LAPTM5(dist=17863),LINC01778(dist=47755)","AAAGG"
"chr1","EPHA2(dist=9639),ARHGEF19(dist=31239)","ATCC"
"chr1","SPSB1(dist=10092),LINC02606(dist=44533)","AAG"
"chr1","LINC01139(dist=483403),CHRM3(dist=416037)","AAAG"
"chr1","LINC01648(dist=616630),MATN1(dist=54898)","ACC"
"chr1","PLXNA2(dist=261870),LINC01717(dist=221187)","AATGTGGTATATATACAT"
"chr1","LDLRAP1(dist=20165),MAN1C1(dist=27297)","AAAG"
"chr1","LINC01135(dist=80907),LINC01358(dist=38787)","AAAG"
"chr1","SEPTIN7P13","AATGG"
"chr1","LYPLAL1-AS1","AAAG"
"chr1","CD55(dist=46006),CR2(dist=46640)","AAG"
"chr1","THEM5(dist=13399),THEM4(dist=2865)","AAG"
"chr1","LOC100130331","AAACACACACACACAC"
"chr1","GSTM5(dist=6809),GSTM3(dist=8501)","AAGGG"
"chr1","LINC01139(dist=483595),CHRM3(dist=416293)","AAAGG"
"chr1","GJA4(dist=5932),SMIM12(dist=47482)","AAACC"
"chr1","CNST(dist=23357),SCCPDH(dist=31430)","AGGG"
"chr1","ABL2(dist=16015),SOAT1(dist=47427)","AAAAT"
"chr1","CCDC185(dist=43720),CAPN8(dist=101418)","AAAG"
"chr1","PTP4A2(dist=47915),KHDRBS1(dist=27337)","AAAAT"
"chr1","CA6(dist=2292),SLC2A7(dist=25286)","AAAG"
"chr1","OPTC(dist=52396),ATP2B4(dist=64381)","AAG"
"chr1","LINC01346(dist=350106),LINC01777(dist=108614)","AACGG"
"chr1","MIR4422HG(dist=428145),LINC01753(dist=252688)","ACACACACCGTGTAT"
"chr1","FOXO6(dist=13429),EDN2(dist=81266)","AAAAT"
"chr1","LYPLAL1-AS1","AAAGAGAGAGAG"
"chr1","TNFRSF18(dist=277)","ACCCAGCCCCCAGCCCAGT"
"chr1","PEX10(dist=44926),PLCH2(dist=7372)","AAGGAGGACCACCAGC"
"chr1","SSBP3(dist=103846),ACOT11(dist=37277)","AAACC"
"chr1","AMPD2(dist=21695),GSTM4(dist=1710)","AAAG"
"chr1","CYP2J2(dist=27980),C1orf87(dist=34786)","ATATATATATATCC"
"chr1","ATP5IF1(dist=8535),SESN2(dist=11929)","AAAG"
"chr1","LINC01646(dist=48393),AJAP1(dist=20858)","ACACAGC"
"chr1","LOC107985115","AATATATATGTCACATATAT"
"chr1","LINC01743","ACGCTCCCTAGATGAGCC"
"chr1","PEX10(dist=44781),PLCH2(dist=7361)","AAGGAGGACCACCAGG"
"chr1","TTC34(dist=18877),ACTRT2(dist=200753)","AATTACCGCTCAGCCCG"
"chr10","CNNM2","AAGAGGGGGAGGAGGAGG"
"chr10","HSPA12A","AAAG"
"chr10","CTNNA3","AAAG"
"chr10","ZNF37A","AAGAC"
"chr10","PDLIM1","AAAGG"
"chr10","PARD3","AACAGG"
"chr10","ITIH5","AAGGAG"
"chr10","AVPI1","AC"
"chr10","DIP2C","AGAGGGGCGGGGCGG"
"chr10","TLL2","AG"
"chr10","ZNF37A","AAGACC"
"chr10","ADAMTS14","ACCTCT"
"chr10","CAMK1D","AAAG"
"chr10","PDLIM1","AAAAG"
"chr10","LINC01168","AATATATTCCACGTGTATC"
"chr10","ANTXRLP1","ACCATCCTCAGCTCACCCC"
"chr10","DIP2C","ACCTGCCCCTGG"
"chr10","DIP2C","ACACCCATACTCTCTCTC"
"chr10","LRMDA","AAGGG"
"chr10","DIP2C","AAGGTGGATGGGGAGG"
"chr10","KIF5B(dist=58358),EPC1(dist=151725)","AAG"
"chr10","KIF5B(dist=58658),EPC1(dist=152071)","AAGGAG"
"chr10","ZWINT(dist=175366),MIR3924(dist=766824)","AAG"
"chr10","MIR378C(dist=8427),TCERG1L(dist=120326)","AAGG"
"chr10","LINC00836(dist=140788),LOC101929073(dist=49469)","AAAGG"
"chr10","LOC105376398(dist=212221),LINC02676(dist=90784)","AGGG"
"chr10","FRMPD2(dist=16677),MAPK8(dist=14246)","AAAG"
"chr10","PCAT5(dist=1267112),ANKRD30A(dist=56966)","AAAG"
"chr10","LOC105376398(dist=86465),LINC02676(dist=215960)","AAG"
"chr10","EBF3(dist=59278),C10orf143(dist=39035)","ACAGGCAGGAGACGGGC"
"chr10","PCAT5(dist=1267053),ANKRD30A(dist=57040)","AG"
"chr10","CASC2(dist=37562),FAM204A(dist=49196)","AAAG"
"chr10","CASC2(dist=37726),FAM204A(dist=49365)","AAAGAGAG"
"chr10","MIR378C(dist=8417),TCERG1L(dist=120326)","AAAGAAGGAAGG"
"chr10","ADAMTS14(dist=4797),TBATA(dist=3276)","AAAGAGAG"
"chr10","ANTXRLP1(dist=1370),LOC105378577(dist=12587)","AACTCT"
"chr10","FZD8(dist=100891),PCAT5(dist=35016)","AAAG"
"chr10","NKX6-2(dist=12531),CFAP46(dist=8317)","ACACCGCGCCTGAGCCCGGG"
"chr10","LINC02649(dist=9079),LINC02656(dist=4244)","ATCC"
"chr10","FOXI2(dist=55662),CLRN3(dist=79871)","ACACCCTCCATCCATCCC"
"chr10","ADAMTS14(dist=4463),TBATA(dist=3291)","AAAG"
"chr10","NONE(dist=NONE),LOC441666(dist=445980)","AATGG"
"chr10","ZWINT(dist=175586),MIR3924(dist=767232)","AAGGAG"
"chr10","LINC01168(dist=36547),ADGRA1-AS1(dist=71153)","AAGAATGAGGAAGCCGAGG"
"chr10","C10orf126(dist=120950),LYZL1(dist=285517)","AAAAT"
"chr10","MAP3K8(dist=783)","AG"
"chr10","DIP2C(dist=103456),LARP4B(dist=12127)","AATGTCGGTCCTACCC"
"chr10","PCAT5(dist=1267034),ANKRD30A(dist=56947)","AAAGAGAG"
"chr11","NTM","AAG"
"chr11","CNTN5","AGGGG"
"chr11","B4GALNT4","AAGGGAGGGAGGAGG"
"chr11","SMCO4","AGC"
"chr11","MS4A4E","ACATATATATAT"
"chr11","FEZ1","AAAG"
"chr11","C11orf65","AAAATAAAATAACAT"
"chr11","NECTIN1","ACC"
"chr11","VEGFB","AG"
"chr11","C11orf71","AAAAG"
"chr11","C11orf65","AAAAC"
"chr11","PTPRJ","AAAAC"
"chr11","GUCY2EP","ACATAT"
"chr11","OTOG","ACACAGGACAGGTGGGAG"
"chr11","MICALCL","AG"
"chr11","SLC22A24","ACACATATATAT"
"chr11","OR2AT4(dist=29918),SLCO2B1(dist=23304)","AAAG"
"chr11","PRG2(dist=12144),SLC43A3(dist=2864)","AAG"
"chr11","IFTAP(dist=531254),LINC02760(dist=747649)","AG"
"chr11","LINC02720(dist=94980),MIR4300HG(dist=1021409)","AAAAT"
"chr11","PAX6-AS1(dist=23779),LOC100506675(dist=124039)","AAAGG"
"chr11","OR5AK4P(dist=63310),LRRC55(dist=79093)","AAG"
"chr11","CDON(dist=1175),RPUSD4(dist=136347)","AAGAGGTGATAGTATT"
"chr11","ANAPC15(dist=20169),FOLR3(dist=1615)","AAG"
"chr11","OSBPL5(dist=33381),MRGPRG(dist=17893)","ACACAGGGTGCAGG"
"chr11","SLC17A6(dist=55897),LINC01495(dist=9756)","AAAAT"
"chr11","LINC01395(dist=57952),TMEM45B(dist=139407)","AAAG"
"chr11","CDON(dist=1461),RPUSD4(dist=136738)","AACACTATCACCTCTT"
"chr11","ALX4(dist=212803),CD82(dist=41611)","AAG"
"chr11","OR52K1(dist=38286),OR52M1(dist=12590)","AAATGTTGCAGAACAGC"
"chr11","C11orf87(dist=72759),ZC3H12C(dist=590628)","AATATATATATATGG"
"chr11","SORL1(dist=131329),MIR100HG(dist=262348)","AG"
"chr11","KRTAP5-5(dist=29065),FAM99B(dist=3741)","ACACTCCCCACGGCCCTGTC"
"chr11","CDON(dist=1750),RPUSD4(dist=136447)","AATACTATCACCTCTC"
"chr11","FAM99A(dist=2070),FAM99B(dist=12083)","ACACTGCCC"
"chr11","PRG2(dist=12519),SLC43A3(dist=3203)","AAGAAGAGG"
"chr11","CLNS1A(dist=8573),RSF1(dist=19395)","AAGGAG"
"chr11","CDON(dist=1428),RPUSD4(dist=136594)","AAGAGGTGGTAGTATT"
"chr11","SLC5A12(dist=151759),FIBIN(dist=119587)","AAAG"
"chr11","WT1-AS(dist=44475),EIF3M(dist=79582)","AAAG"
"chr11","CNTN5(dist=265579),ARHGAP42-AS1(dist=58192)","AATATGTGTATATATGT"
"chr11","MIR100HG","AAAG"
"chr11","FAM99A(dist=2248),FAM99B(dist=12634)","ACACTACCCACACTATCC"
"chr11","ARHGAP20(dist=217133),LINC02550(dist=160685)","ATCGC"
"chr11","ARHGAP20(dist=217110),LINC02550(dist=160827)","AGCAT"
"chr12","GLT1D1","AAAG"
"chr12","IGF1","AAG"
"chr12","HECTD4","AAAG"
"chr12","RFLNA,ZNF664-RFLNA","AAAAG"
"chr12","MYRFL","AAAG"
"chr12","CHST11","AAAG"
"chr12","CRACR2A","AAAAT"
"chr12","NT5DC3","AGATG"
"chr12","TMEM132D","AGGG"
"chr12","NINJ2","AAGGGACGG"
"chr12","CRACR2A","AATGG"
"chr12","ITPR2","AAAGG"
"chr12","RPH3A","AAAGAAAGAGAG"
"chr12","SYT1","AAAAT"
"chr12","CLSTN3","AAAG"
"chr12","C12orf56","AAG"
"chr12","ANKS1B","AAAG"
"chr12","TMEM117","ACACATATATACATATAT"
"chr12","PAWR","AATGG"
"chr12","MSRB3","AAAG"
"chr12","CRACR2A","AAATG"
"chr12","RPH3A","AAG"
"chr12","SCN8A","AAAAT"
"chr12","RNFT2","AAAAT"
"chr12","IGF1","AAGGAG"
"chr12","LINC02376","AAAGAAGGAAGGAAGGAAGG"
"chr12","LINC01489(dist=38904),RERG(dist=61141)","AAAGAAGGAAGGAAGGAAGG"
"chr12","LINC01489(dist=38958),RERG(dist=61135)","AAGG"
"chr12","NCOR2(dist=203107),SCARB1(dist=5343)","AAAGG"
"chr12","LRIG3(dist=515724),SLC16A7(dist=158524)","AAAG"
"chr12","PZP(dist=12452),A2MP1(dist=6795)","AAAG"
"chr12","SPIC(dist=104274),MYBPC1(dist=2629)","AAG"
"chr12","NAP1L1(dist=37373),LNCOG(dist=136658)","AAACATATATATG"
"chr12","AEBP2(dist=377814),LINC02398(dist=114053)","AAAG"
"chr12","NCOR2(dist=203160),SCARB1(dist=5338)","AAAAG"
"chr12","NOS1(dist=25180),KSR2(dist=65473)","AAAG"
"chr12","MIR3685(dist=121367),METAP2(dist=41958)","AAG"
"chr12","ANHX(dist=28671),NONE(dist=NONE)","AACCCTAACCCTCGCCCT"
"chr12","LINC01489(dist=39527),RERG(dist=61186)","AAAGAAGGAAAGAAGGAAGG"
"chr12","CACNA1C(dist=21491),ITFG2-AS1(dist=21282)","AC"
"chr12","IL22(dist=23196),MDM1(dist=16869)","AAAG"
"chr12","TRHDE(dist=428748),LINC02444(dist=59026)","AAGG"
"chr12","CIT(dist=42653),BICDL1(dist=68946)","ACCTCT"
"chr12","CCDC91(dist=540238),FAR2(dist=57800)","AAAG"
"chr12","ETNK1(dist=188695),LOC101928441(dist=295481)","AAATATAGAATATTCTATAG"
"chr13","FGF14","AAG"
"chr13","RB1","AAAAG"
"chr13","GPC5","ACATATATGCATATAT"
"chr13","ATXN8OS","AGC"
"chr13","RB1","AAAG"
"chr13","PCCA","AAAG"
"chr13","LMO7","AAAG"
"chr13","RASA3","AAGACTCACACAGAGGGC"
"chr13","MTUS2","ACACACACACGTGTATACAT"
"chr13","RB1","AAAGGAAG"
"chr13","HS6ST3","AAAG"
"chr13","RASA3","AAGACTCACACAGAGAGC"
"chr13","MIR5007(dist=525781),PRR20B(dist=1439577)","AAG"
"chr13","ATP11A(dist=46901),MCF2L-AS1(dist=32581)","AGC"
"chr13","LINC00327","AAAAT"
"chr13","LINC00437","AAAG"
"chr13","LINC01046(dist=30311),LOC101928764(dist=17417)","AAAG"
"chr13","DLEU1","AAAG"
"chr13","GPR12(dist=221684),USP12(dist=82784)","AAAG"
"chr13","LINC00554(dist=61114),PCCA-DT(dist=26517)","AGGG"
"chr13","LINC00402(dist=138)","AAAAT"
"chr13","FGF9(dist=21003),LINC00424(dist=146337)","ACC"
"chr13","COG6(dist=192720),LINC00332(dist=196668)","AAAAT"
"chr13","ATP11AUN","AAGGAGGCCCCATCAGG"
"chr13","LINC00353(dist=153856),LINC00559(dist=340989)","AAAAT"
"chr13","LINC00375(dist=202292),LINC00351(dist=12167)","AAG"
"chr13","LINC00353(dist=339782),LINC00559(dist=155408)","AAAAT"
"chr13","GAS6-DT(dist=8583),LINC00454(dist=1405)","ACACCACAGCGACACCC"
"chr13","ABCC4(dist=93261),CLDN10(dist=38167)","AAAGG"
"chr13","PLUT","AAAAT"
"chr13","URAD(dist=1383),FLT3(dist=11583)","ACCTAT"
"chr14","PLEK2","AAAAT"
"chr14","DGLUCY","AAG"
"chr14","HOMEZ","AAAAT"
"chr14","EML1","ACC"
"chr14","PPP2R5E","ACATACATACATACATGCAT"
"chr14","NRXN3","ACC"
"chr14","MAP3K9(dist=15459),PCNX1(dist=81599)","AAAG"
"chr14","GPATCH2L(dist=84860),ESRRB(dist=71280)","AAG"
"chr14","LINC01599","AAAAG"
"chr14","ITPK1(dist=30087),MOAP1(dist=35084)","AAAG"
"chr14","DLK1(dist=57797),MIR2392(dist=17370)","AAAG"
"chr14","MIR4307HG(dist=303875),LOC728755(dist=102185)","AAAG"
"chr14","NONE(dist=NONE),FSCB(dist=498368)","AAG"
"chr14","HIF1A-AS3(dist=3548),SNAPC1(dist=6327)","ACATGCCACTCATGCCTC"
"chr14","GPATCH2L(dist=143335),ESRRB(dist=12588)","AAAG"
"chr14","GCH1(dist=12344),WDHD1(dist=23103)","AAAGG"
"chr14","SIVA1(dist=4157),AKT1(dist=5082)","AATGG"
"chr14","FUT8(dist=422991),CCDC196(dist=318425)","AAAG"
"chr14","LOC105370697(dist=54625),MIR8071-1(dist=29677)","AGCCC"
"chr14","GCH1(dist=12168),WDHD1(dist=22937)","AAAAG"
"chr14","ELK2AP(dist=36462),MIR4539(dist=145129)","AGCCC"
"chr14","NID2(dist=154257),PTGDR(dist=43533)","AGATAT"
"chr15","TCF12","AAAG"
"chr15","RYR3","AAAG"
"chr15","RYR3","AAAGAAGG"
"chr15","APBA2","AAAG"
"chr15","FRMD5","AAAAT"
"chr15","PLIN1(NM_001145311:c.*1213_*1154delins0,NM_002666:c.*1213_*1154delins0)","AACTGACTCTGTGGCCCTGG"
"chr15","MYO5C","AAGGAAGGAAGGAGAG"
"chr15","MYO5C","AAAGAAGGAAGGAGAG"
"chr15","CHRNB4","AAAG"
"chr15","CYFIP1","AACAT"
"chr15","PLIN1(NM_001145311:c.*1213_*987delins0,NM_002666:c.*1213_*987delins0)","ACAGAGTCAGTGCCAGGGCC"
"chr15","TRPM7","AACAT"
"chr15","POLG","ACTC"
"chr15","THSD4","AAAAT"
"chr15","RPP25(dist=33585),SCAMP5(dist=3993)","AAAG"
"chr15","NPTN(dist=27197),CD276(dist=22683)","AAAG"
"chr15","MIR548AP(dist=69863),AGBL1(dist=181973)","AG"
"chr15","PCAT29","AAAGG"
"chr15","LOC101927310(dist=122698),LINC00923(dist=58431)","AAG"
"chr15","LOC101927310(dist=122669),LINC00923(dist=58446)","AAGGAG"
"chr15","LINC00929(dist=283435),GABRB3(dist=125702)","AAACTATATATAG"
"chr15","PLIN1(dist=10)","ACAGAGTCAGCGCCAGGGCC"
"chr15","TLE3(dist=266281),LINC02205(dist=138945)","AAAG"
"chr15","SPATA8(dist=302374),LINC02254(dist=281383)","AAGGAGGAGGAGGAGG"
"chr15","TLNRD1(dist=61682),CFAP161(dist=66162)","AAAAT"
"chr15","LINC00929(dist=283662),GABRB3(dist=125901)","AAACTGTATATAG"
"chr15","SLCO3A1(dist=123140),ST8SIA2(dist=97463)","AAAG"
"chr15","AGBL1(dist=5116),LINC00052(dist=541558)","ACATACATGCAT"
"chr15","LINC00052(dist=35989),NTRK3(dist=243633)","AAAAT"
"chr15","PCAT29(dist=136035),LINC00593(dist=2322)","AAATGAAGGAAGGGAAGGG"
"chr15","RNU6-9(dist=64360),PIAS1(dist=148482)","AAAGAGGGAGAGAGAG"
"chr15","SPATA8(dist=338946),LINC02254(dist=245062)","AAAAT"
"chr15","DPH6-DT","AAG"
"chr15","PLIN1(dist=82)","ACAGAGTCAGCTCCAGGGCC"
"chr16","ABCC1","AAAAG"
"chr16","ABCC1","AAAG"
"chr16","BEAN1","AAAAT"
"chr16","GPR139","AGGAT"
"chr16","GSG1L","AG"
"chr16","HS3ST2","AAGG"
"chr16","OR1F1","AGAGGG"
"chr16","LOC100129697","AAGGCTCCTGACCCCACCC"
"chr16","IRX6","AAAG"
"chr16","GLYR1(NM_001324096:c.*593_*153delins0,NM_001324098:c.*593_*153delins0,NM_001308096:c.*593_*153delins0,NM_032569:c.*593_*153delins0,NM_001324097:c.*593_*153delins0)","AC"
"chr16","PGAP6","ACCCGCACTGCCATCGCC"
"chr16","MEAK7","AATGCCAGCGGAATTCCCT"
"chr16","DPEP1","AAAGGAGAAGGAAGGG"
"chr16","MIR4426(dist=369498),CDH8(dist=220853)","AAAG"
"chr16","CPHXL(dist=242303),CNTNAP4(dist=307703)","AAG"
"chr16","MIR548AI","AAG"
"chr16","COX4I1(dist=26681),IRF8(dist=64336)","AGGG"
"chr16","NONE(dist=NONE),DDX11L10(dist=1345)","AACCCT"
"chr16","HCCAT5(dist=73948),LINC01568(dist=218249)","AAAG"
"chr16","GPT2(dist=13975),DNAJA2(dist=9276)","AAGCAATCCTCCTGTGTCC"
"chr16","HBQ1(dist=6004),LUC7L(dist=1281)","AACAGCGACACGGGGGG"
"chr16","C16orf82(dist=68763),KDM8(dist=63507)","ACC"
"chr17","CD300A","AAAG"
"chr17","CDK12","AAAG"
"chr17","ZNF652","AAAAG"
"chr17","DNAI2","AAGG"
"chr17","RPTOR","AAAGG"
"chr17","STAT3","AATACTCCTGGACCTGAGGG"
"chr17","APOH","AAAGG"
"chr17","MSI2","AAAG"
"chr17","RAI1","AAAAT"
"chr17","ALOXE3","AAAG"
"chr17","MYH13","AAG"
"chr17","SMG6","AAAAT"
"chr17","CA10","AGC"
"chr17","PRKCA","ACC"
"chr17","BAIAP2","AAAAACGCAACAGCAG"
"chr17","RPTOR","AACCAGGGCTGTGCTAGT"
"chr17","CD300A","AAAGAGAG"
"chr17","STX8","AAAG"
"chr17","KIAA0753","AAGAAGAAGG"
"chr17","NXN","AAAG"
"chr17","LLGL2","ACCCCGCCTCCTCCATCCGC"
"chr17","RHBDL3","AAGGTGCTAGGGCCGGAGT"
"chr17","RPTOR","ACAGCCCTGGCTACTAGC"
"chr17","RPH3AL","AAGGTAGTCAATAGAGG"
"chr17","HAP1","AAAG"
"chr17","RPL23AP87(dist=6372),NONE(dist=NONE)","AGCCCT"
"chr17","LOC105371795(dist=4931),LOC339192(dist=13648)","AAAGG"
"chr17","LOC105371795(dist=4849),LOC339192(dist=13437)","AAAG"
"chr17","SLC13A5(dist=37795),XAF1(dist=3676)","AAGGAG"
"chr17","RNU2-1(dist=16572),LINC00910(dist=52516)","AAG"
"chr17","ETV4(dist=55819),MEOX1(dist=37643)","AAGGG"
"chr17","RNU2-1(dist=16720),LINC00910(dist=52520)","AAGGAGGAG"
"chr17","MARCHF10-DT(dist=28080),MIR633(dist=78997)","AAAG"
"chr17","LOC105371795(dist=5051),LOC339192(dist=13793)","AAAGAGAG"
"chr17","LOC100130950","AAACAGTGCAGTGT"
"chr17","LOC100130950","AAACAGTGCAGTAT"
"chr17","GNA13(dist=18348),LOC100507002(dist=24976)","AAAAT"
"chr17","LINC02073(dist=63742),CA10(dist=119639)","AAAG"
"chr17","RHOT1(dist=17180),RHBDL3(dist=22039)","ATATATC"
"chr17","LRRC37B(dist=69473),LOC105371730(dist=17201)","AAAG"
"chr17","CHMP6(dist=22046),BAIAP2-DT(dist=5758)","ACCAGGGCGGGGGAGGGGCC"
"chr17","CBX4(dist=53771),LINC01979(dist=20652)","ACCATCATCATCATCATC"
"chr17","LINC01999","AAAG"
"chr17","ARL4D(dist=7173),MIR2117HG(dist=35786)","AAAAG"
"chr18","TCF4(NM_001348218:c.770_621delins0,NM_001348219:c.770_621delins0,NM_001369581:c.770_621delins0,NM_001369580:c.770_621delins0,NM_001348217:c.767_459delins0,NM_001348220:c.767_459delins0,NM_001306207:c.767_459delins0)","AGC"
"chr18","DCC","AAG"
"chr18","CCDC102B","AAATATTCCTCAATACAGAC"
"chr18","ZNF407","ACACATAGTGTATGT"
"chr18","DOK6","ACACATGCGCCCTCGC"
"chr18","ATP9B","AACCACGGAGAGCACGCT"
"chr18","CDH7","AAAG"
"chr18","ZNF516(NM_014643:c.*4816_*4645delins0)","ACCCAGCGGAGAGTGGCGT"
"chr18","ZNF516(NM_014643:c.*4816_*4629delins0)","ACCCAGCGCAGAGTGGCGC"
"chr18","GALR1","ACC"
"chr18","CLUL1","AAAG"
"chr18","EPB41L3","AATGG"
"chr18","ATP8B1","AAAG"
"chr18","PCAT18(dist=23029),AQP4(dist=124688)","AAAG"
"chr18","MIR4527HG","AAAG"
"chr18","LINC01924","AAAGG"
"chr18","OACYLP(dist=48921),SEC11C(dist=36817)","AAAG"
"chr18","RNF138(dist=13588),MEP1B(dist=44107)","AAAGG"
"chr18","LINC01924","AAGGCAGGGC"
"chr18","RNF138(dist=13636),MEP1B(dist=44003)","AAAG"
"chr18","LINC01387","AGGGCCATGCATAT"
"chr18","LINC02864","AAAACATATGTGTGT"
"chr18","LINC01924","AAAAGG"
"chr18","LINC01924","AAGGC"
"chr18","PHLPP1(dist=105874),BCL2(dist=36049)","AAAG"
"chr18","GATA6(dist=148574),CTAGE1(dist=61861)","AAAAT"
"chr18","LINC01919(dist=536356),MBD2(dist=16202)","AAAG"
"chr18","LINC01894","AAATTTATATACATAT"
"chr18","LINC02864","AAAACATATGTGTGT"
"chr18","RBFADN","ACAGGGTCCCAGAGC"
"chr18","PARD6G(dist=10530),NONE(dist=NONE)","AACCCT"
"chr18","CTDP1(dist=13848),KCNG2(dist=91700)","ACGCCGTCCTCCCCTCC"
"chr18","MIR4527HG","AAAGGAAG"
"chr18","LINC02864","AAACATATATGTGTG"
"chr18","LINC01894","AAATTTACATGTATAT"
"chr18","ANKRD29(dist=17853),LAMA3(dist=7639)","AAAG"
"chr18","LINC01899(dist=571666),CBLN2(dist=181767)","AAAG"
"chr19","ADGRE2","AAAG"
"chr19","FBN3","AAAGG"
"chr19","TMC4","AAAAG"
"chr19","MBOAT7","AAAG"
"chr19","CHST8","AG"
"chr19","VAV1","AAAG"
"chr19","DENND1C","ACACAGGG"
"chr19","ARHGEF18","AAG"
"chr19","MBOAT7","AAAGGAAG"
"chr19","TMC4","AAAGG"
"chr19","NLRP13","AAAGAAAGACAG"
"chr19","MBOAT7","AAAGAGAG"
"chr19","ZNF585A","AAAAT"
"chr19","ARHGEF18","AAGGAGGAG"
"chr19","MYO1F","ACC"
"chr19","MED16","ACCTCGGAGCCCTCCCCC"
"chr19","NLRP13","AAAGAAAGAAAGACAG"
"chr19","NLRP9","AAGGGGGAGGGAGGAGG"
"chr19","ZIM3","AAGG"
"chr19","CACNA1A","AAAAG"
"chr19","DOT1L","AATGCGGGGAGGACGAGG"
"chr19","CYP4F11","AATGAGTGAGTGAGGAGAGG"
"chr19","YJU2","AC"
"chr19","NOTCH3","AAG"
"chr19","CYP4F11","AAGAATGAGTGAGTGAGGAG"
"chr19","COPE","AAAAAGGAAAGG"
"chr19","NLRP4","AAATTACACCGCGGCCACGG"
"chr19","SLC7A10","AAAG"
"chr19","NLRP4","AACGTCCGTGGCTGCGGTGT"
"chr19","CHST8","AAAG"
"chr19","COPE","AAAG"
"chr19","TLE6","AAATATATACAT"
"chr19","CYP4F11","AATGAGTGAGCGAGGAGAGG"
"chr19","OSCAR","AGAGAGAGAGGGAGGC"
"chr19","TCF3(dist=39617),ONECUT3(dist=60430)","AAAG"
"chr19","FBN3(dist=35192),CERS4(dist=23959)","AAAGG"
"chr19","SYCN(dist=25218),IFNL3(dist=12843)","AAAGG"
"chr19","ZNF14(dist=10441),LINC00663(dist=11906)","AAAAAGGAAAGGAAAGG"
"chr19","ZNF536(dist=290393),LINC01791(dist=162176)","AAGG"
"chr19","DUS3L(dist=4608),NRTN(dist=8410)","AAG"
"chr19","ZNF14(dist=10522),LINC00663(dist=11690)","AAAGG"
"chr19","TCF3(dist=1962),ONECUT3(dist=98302)","AAG"
"chr19","ZNF681(dist=2465),RPSAP58(dist=1012)","AAGG"
"chr19","ACTL9(dist=20716),OR2Z1(dist=10029)","ATCC"
"chr19","LAIR1(dist=40226),TTYH1(dist=3834)","AG"
"chr19","SEMA6B(dist=58313),TNFAIP8L1(dist=19529)","ACAGAGGAGAGGCAGAG"
"chr19","FBN3(dist=35078),CERS4(dist=23883)","AAAAG"
"chr19","TEX101(dist=8499),LYPD3(dist=33120)","AAAAT"
"chr19","NXNL1(dist=2272),SLC27A1(dist=6168)","AAGGAG"
"chr19","ZNF543(dist=537)","ACATATATAT"
"chr19","CACNA1A(dist=108365),CCDC130(dist=116077)","AAGTGGATATAGGCATCAAT"
"chr19","ADGRE4P(dist=4475),FLJ25758(dist=9045)","ACCACCACCATCGCC"
"chr19","MUC16(dist=95552),OR1M1(dist=15305)","AAGACATCTACCCTGGCCGG"
"chr19","THEG5(dist=424866),LINC01533(dist=6133)","AAAG"
"chr19","IER2(dist=30106),CACNA1A(dist=21136)","ACACACGTATGTATACGTAT"
"chr2","ALK","AAG"
"chr2","FSHR","AAG"
"chr2","STON1,STON1-GTF2A1L","AAG"
"chr2","KCNH7","AAAAG"
"chr2","PTPN18","AAAG"
"chr2","TMEFF2","AAAG"
"chr2","STARD7","AAACT"
"chr2","TMEFF2","AAAG"
"chr2","STARD7","AAAATAACATAACAT"
"chr2","MGAT5","AGAT"
"chr2","FER1L5","AAAG"
"chr2","MAP4K4","AAAAG"
"chr2","MAP4K4","AAAG"
"chr2","CNTNAP5","AAGG"
"chr2","RFTN2","AAAAT"
"chr2","GLS(NM_001256310:c.-264_-3delins0,NM_014905:c.-264_-3delins0)","AGC"
"chr2","PLEKHM3","AAAAT"
"chr2","SPAST","ACATAGTATAGTAT"
"chr2","TPO","AAGGTGAGAGGCAGCAGC"
"chr2","THSD7B","AAG"
"chr2","STON1,STON1-GTF2A1L","AAGGAG"
"chr2","PDIA6","AAAG"
"chr2","STARD7","AAAAT"
"chr2","GPR35","AAACAGGTCGTGAGGGCGC"
"chr2","HPCAL1","ACC"
"chr2","ACVR1C","AAAG"
"chr2","ERBB4","AAAG"
"chr2","RAB3GAP1","AAG"
"chr2","STRN","AC"
"chr2","MARCHF4","AAAG"
"chr2","EPHA4","AAG"
"chr2","KCNH7","AAAGG"
"chr2","DGKD","ACGCATCTCCTCGCTCC"
"chr2","CNTNAP5","AAAG"
"chr2","DGKD","ACGCATCTCCTCACTCC"
"chr2","LRP1B","AAG"
"chr2","BCL11A","ACC"
"chr2","DLX2-DT(dist=127310),ITGA6(dist=189013)","AAG"
"chr2","MIR4432HG","AAAGG"
"chr2","SPRED2(dist=19168),MIR4778(dist=905665)","AAAG"
"chr2","SP100(dist=103039),LINC01907(dist=41117)","AAAG"
"chr2","FAM110C(dist=160252),SH3YL1(dist=9927)","AGGG"
"chr2","CD8B2(dist=246974),ST6GAL2(dist=9534)","AAG"
"chr2","MIR4268(dist=639111),EPHA4(dist=871141)","AAG"
"chr2","DLX2-DT(dist=127528),ITGA6(dist=189013)","AAGAAGAAGG"
"chr2","RAB11FIP5(dist=80261),NOTO(dist=8424)","AAAG"
"chr2","LINC01812(dist=80199),C1D(dist=133945)","AAAGG"
"chr2","SLC35F5(dist=64292),ACTR3-AS1(dist=9208)","AAAG"
"chr2","THORLNC(dist=385647),LOC101927709(dist=26476)","AAG"
"chr2","DLX2-DT(dist=127772),ITGA6(dist=189029)","AAGAAGAAGAGG"
"chr2","CD8B2(dist=247049),ST6GAL2(dist=9343)","AAGAAGGGAG"
"chr2","FAM110C(dist=160085),SH3YL1(dist=11199)","AAGGAAGGGAGG"
"chr2","LINC01797(dist=172444),LINC01799(dist=27798)","AAGG"
"chr2","LOC100130691","AAAAT"
"chr2","LOC100506274(dist=132469),LOC101929551(dist=302777)","AAAGAAGGAAGGAAGGAAGG"
"chr2","RPS7(dist=11407),COLEC11(dist=2277)","ACCTCT"
"chr2","SPP2(dist=311202),LINC01891(dist=54676)","AAAACCTAGGCTAGAAG"
"chr2","LOC105374820(dist=98528),REG3G(dist=360465)","AAAAT"
"chr2","XPO1(dist=146055),FAM161A(dist=139608)","AATAG"
"chr2","LOC730100","ACC"
"chr2","MYO1B(dist=242064),NABP1(dist=10235)","AG"
"chr2","MYO1B(dist=242040),NABP1(dist=9797)","AAAG"
"chr2","LINC01807(dist=152634),PID1(dist=258809)","AAG"
"chr2","EIF2AK2(dist=8969),SULT6B1(dist=1391)","AGGG"
"chr2","DIRC3","AGCTCCTCATGGGC"
"chr2","FAM136A(dist=131707),TGFA(dist=13205)","AATGG"
"chr2","LOC101927050(dist=197339),LSP1P4(dist=1795210)","AATGG"
"chr2","LINC01935(dist=93031),LOC100287010(dist=1300553)","AAAG"
"chr2","LOC101929452(dist=301735),LOC100506274(dist=40858)","ACC"
"chr2","KCNF1(dist=38788),FLJ33534(dist=145263)","ACATCC"
"chr2","SPRED2(dist=860413),MIR4778(dist=64179)","AAAG"
"chr2","CD8B2(dist=247063),ST6GAL2(dist=9268)","AAAGAAGAAG"
"chr2","COLEC11(dist=6031),ALLC(dist=6282)","AC"
"chr2","LINC01931(dist=46557),LINC01817(dist=328321)","AAAG"
"chr2","ECEL1P2(dist=2209),ALPG(dist=16846)","AAAG"
"chr2","DLX2-DT(dist=127688),ITGA6(dist=189201)","AAAGAAGAAG"
"chr2","TMEM17(dist=158665),EHBP1(dist=8242)","AG"
"chr2","MIR3681HG","AAAG"
"chr2","LOC100506474(dist=1119060),LINC00276(dist=101656)","AAAATAATTTAATT"
"chr2","LINC00486","AACCCT"
"chr2","UXS1(dist=165805),ANAPC1P6(dist=8956)","AAAAT"
"chr2","NOP58(dist=64367),BMPR2(dist=7347)","AAAG"
"chr2","LOC101927050(dist=179764),LSP1P4(dist=1813095)","AATGG"
"chr2","DPP10(dist=1211621),DDX18(dist=756516)","AAAG"
"chr2","TSN(dist=505811),LINC01826(dist=791708)","ACACGTGTATGC"
"chr2","MBOAT2(dist=109146),ASAP2(dist=92856)","AAGGATGCAGGGAGGATGGG"
"chr2","INPP1(dist=14133),MFSD6(dist=21312)","AAAAT"
"chr2","MYCN(dist=70588),GACAT3(dist=31946)","AAGG"
"chr2","LINC02612(dist=497599),RBM43(dist=114107)","AAAG"
"chr2","LOC101927050(dist=186182),LSP1P4(dist=1801943)","AATGG"
"chr2","DLX2-DT(dist=127423),ITGA6(dist=189206)","AAGGAG"
"chr2","PANTR1","ACC"
"chr2","PXDN(dist=34508),MYT1L(dist=7889)","ACCAGCAGAGCCTC"
"chr2","SPRED2(dist=640981),MIR4778(dist=283635)","AAAG"
"chr20","RIPOR3","AAAGG"
"chr20","SLC24A3","AGG"
"chr20","ASIP","AAAG"
"chr20","RIPOR3","AAAAG"
"chr20","SPAG4(NM_003116:c.-175_-172delins0)","AAAG"
"chr20","SEL1L2","AATATATATATATGG"
"chr20","RIPOR3","AAGGG"
"chr20","PLCB1","AAAAT"
"chr20","FLJ16779","ACAGCGGAGGACAGTGATGG"
"chr20","VPS16","ACATCTATCTATCGATAGAT"
"chr20","CBFA2T2","AACAG"
"chr20","NOL4L","AAAG"
"chr20","PEDS1-UBE2V1,UBE2V1","AATATATAATGCATTATAT"
"chr20","CHD6(dist=88502),PTPRT(dist=364815)","AAAG"
"chr20","PAK5(dist=13249),PARAL1(dist=133271)","AAAAT"
"chr20","LOC105372672(dist=202624),SUMO1P1(dist=36483)","AAGGAAGGAGGGAGGGAGGG"
"chr20","RNF24(dist=102365),SMOX(dist=29562)","AAG"
"chr20","LINC01718(dist=96169),CDH4(dist=74934)","AAAG"
"chr20","FRG1BP(dist=818915),DEFB115(dist=12831)","AATGG"
"chr20","OTOR(dist=328550),PCSK2(dist=144565)","AAAAT"
"chr20","SEL1L2(dist=209)","AAG"
"chr20","RNF24(dist=15934),SMOX(dist=116990)","ACCTCT"
"chr20","YTHDF1(dist=4800),BIRC7(dist=13738)","ACTGCAGGG"
"chr20","LOC284788(dist=117535),LINC00261(dist=21154)","AAG"
"chr20","HM13-AS1(dist=4215),ID1(dist=26914)","AC"
"chr20","C20orf85(dist=35115),ANKRD60(dist=18783)","AC"
"chr20","LINC01729(dist=15475),GPCPD1(dist=18237)","AAAAG"
"chr20","SRC(dist=43664),BLCAP(dist=66501)","ATCC"
"chr20","LINC01729(dist=15596),GPCPD1(dist=18293)","AAAGG"
"chr20","TFAP2C(dist=105187),BMP7(dist=423483)","AAAG"
"chr20","SEL1L2(dist=384)","AAGGAG"
"chr20","LOC284788(dist=84483),LINC00261(dist=55038)","AAAG"
"chr20","TGM2(dist=27473),KIAA1755(dist=15343)","ATCC"
"chr21","CLDN14","AGGG"
"chr21","SLC37A1","ACAGCCCTGCCCTCATCAG"
"chr21","TRPM2","AGGG"
"chr21","NCAM2","AAAAT"
"chr21","SH3BGR(dist=67735),B3GALT5-AS1(dist=12547)","AAAGG"
"chr21","SH3BGR(dist=67809),B3GALT5-AS1(dist=13341)","AAGGG"
"chr21","TPTE(dist=77140),NONE(dist=NONE)","AATGG"
"chr21","LOC100507412,RNA28SN5","AG"
"chr21","LINC00322(dist=3536),LINC01679(dist=20093)","ACC"
"chr21","BAGE2","ACC"
"chr21","TPTE(dist=45534),NONE(dist=NONE)","AATGG"
"chr21","LINC00308(dist=525441),MIR6130(dist=436488)","AATATACATTCTATACATAG"
"chr21","COL6A1(dist=85167),COL6A2(dist=6499)","ACC"
"chr21","LINC00308(dist=334557),MIR6130(dist=627057)","AAGG"
"chr22","SGSM1","AAAG"
"chr22","TUBGCP6","AAG"
"chr22","BPIFC","AAG"
"chr22","BAIAP2L2","AG"
"chr22","MICAL3","AACCTCCATAACCTCCCT"
"chr22","HMOX1","AAAG"
"chr22","TRIOBP","AACAG"
"chr22","GRAMD4","ATCC"
"chr22","LINC02885","AAAG"
"chr22","XBP1(dist=43192),ZNRF3(dist=38674)","AAG"
"chr22","LL22NC03-63E9.3(dist=18733),POM121L1P(dist=45334)","AAAG"
"chr22","CCDC188(dist=10568),LOC284865(dist=33975)","ACC"
"chr22","A4GALT(dist=12585),ARFGAP3(dist=62038)","AAAAT"
"chr22","SHISAL1(dist=48667),LINC01656(dist=80490)","AACCCCTGGCTGTAACT"
"chr22","LOC339685(dist=5294),LINC01644(dist=81713)","AGGAGGAGGAGGCGGCGG"
"chr22","PHF21B(dist=69847),NUP50-DT(dist=52992)","ACCATCATC"
"chr22","LINC02554(dist=410119),MN1(dist=19205)","AAAGG"
"chr22","PRAMENP(dist=76551),VPREB1(dist=123717)","AAATAACTATTT"
"chr3","PHLDB2,PLCXD2","AAG"
"chr3","IQCB1","AAAAG"
"chr3","OSBPL10","AAAG"
"chr3","PLCL2","AGGG"
"chr3","IGF2BP2","AAAG"
"chr3","SENP7","AAAG"
"chr3","NAALADL2","ACACATACATATGT"
"chr3","PDIA5","AAGGAAGGCAGGCAGG"
"chr3","FRMD4B","AAAG"
"chr3","LOC107986163","AAGG"
"chr3","IHO1","AAAG"
"chr3","ROBO2","AAG"
"chr3","CLSTN2","AAAGG"
"chr3","TRANK1","AAACATACAAATATATGT"
"chr3","CNBP","AGGC"
"chr3","ARHGEF3","AAGAC"
"chr3","ACOX2(NM_003500:c.2084_2013delins0)","AAGCCCTTGTCTGCTCTC"
"chr3","DGKG","AAAG"
"chr3","PARP9","AAAG"
"chr3","TPRG1","AAAG"
"chr3","ARHGEF3","AAAGG"
"chr3","ARHGEF3","AAAAG"
"chr3","ATP13A5","AAAGAAAGAGAG"
"chr3","LSG1","AC"
"chr3","TRANK1","AAATATACAAATATATGT"
"chr3","RYBP","AAAG"
"chr3","NAALADL2","ACACATATATATGT"
"chr3","STAG1","AG"
"chr3","GRM7(dist=63055),LOC101927394(dist=147104)","AAAG"
"chr3","ARPP21(dist=185810),STAC(dist=399455)","AAAG"
"chr3","NUP210(dist=29294),HDAC11-AS1(dist=26694)","AAAGG"
"chr3","LINC01266(dist=113989),CNTN6(dist=130696)","AAAGAAGGAAGGAAGGAAGG"
"chr3","LINC01266(dist=114087),CNTN6(dist=131051)","AAGG"
"chr3","TNIK(dist=63541),PLD1(dist=75840)","AGC"
"chr3","LINC01565(dist=10446),RPN1(dist=32389)","AAAGG"
"chr3","TNIK(dist=101616),PLD1(dist=37764)","AAG"
"chr3","BCHE(dist=23148),LOC105374194(dist=1036815)","AAAG"
"chr3","PRICKLE2(dist=108846),ADAMTS9(dist=137895)","ACACATGTATATATGTATAT"
"chr3","P2RY1(dist=180779),RAP2B(dist=138803)","AAAG"
"chr3","LINC02008(dist=1277432),LINC00971(dist=896460)","AAGG"
"chr3","SNAR-I(dist=129377),OSTN(dist=190976)","AAAG"
"chr3","IL20RB(dist=745546),SOX14(dist=6795)","AAAG"
"chr3","MCCC1(dist=6475),LAMP3(dist=15351)","AAAG"
"chr3","NUP210(dist=29405),HDAC11-AS1(dist=26743)","AAAAG"
"chr3","LINC02049(dist=35935),STXBP5L(dist=35173)","AAAGC"
"chr3","LINC02025(dist=14950),CADM2(dist=49790)","AAG"
"chr3","MIR4790(dist=537886),GRM7-AS3(dist=842976)","AAATGCACAGGAAT"
"chr3","LOC107986163(dist=13662),LINC02069(dist=3411)","AAGAAGGTGGTGGGAG"
"chr3","SIAH2(dist=59031),MINDY4B(dist=47748)","ACCTCT"
"chr3","CPOX(dist=58729),ST3GAL6-AS1(dist=61156)","AAAG"
"chr3","CNTN3(dist=138107),MIR4444-1(dist=553949)","AATATATACAGTATAT"
"chr3","LINC01322","AAAGG"
"chr3","CADM2(dist=260949),LINC02070(dist=145659)","AAAAT"
"chr3","LOC105374060","AATAG"
"chr3","PLCL2(dist=57693),TBC1D5(dist=8051)","AAAG"
"chr4","APBB2","AAG"
"chr4","RFC1","AAAAG"
"chr4","RNF150","AAG"
"chr4","KCNIP4","AAAAT"
"chr4","ELF2","AAAG"
"chr4","NAA15","AACTG"
"chr4","DDX60","AAAG"
"chr4","FAM149A","AG"
"chr4","EIF4E","AAAAT"
"chr4","ARHGEF38-IT1","AATGG"
"chr4","SHROOM3","AGCAT"
"chr4","ADAMTS3","AAGGAG"
"chr4","RNF150","AAGGAG"
"chr4","CRACD","AAAAT"
"chr4","PDGFC","AAGGAG"
"chr4","NAA15","AACCT"
"chr4","NSG1","AAAAC"
"chr4","RAPGEF2","AAAAT"
"chr4","RASGEF1B","AAAG"
"chr4","PDGFC","AAG"
"chr4","LIN54","AAAGG"
"chr4","ADAMTS3","AAG"
"chr4","PPP3CA","AAAG"
"chr4","NAA15","AAACT"
"chr4","FRYL","AAG"
"chr4","RFC1","AAAGG"
"chr4","EVC2","AGAT"
"chr4","TXK","AACTGGACCCATTCTCGATT"
"chr4","TRIM2","AAG"
"chr4","CRACD","AAAAG"
"chr4","LRIT3","AAAG"
"chr4","EVC2","ACATAGATAGATAGATAGAT"
"chr4","FRYL","AAGAGGGAGAAGGAG"
"chr4","LINC02511(dist=109446),PCDH18(dist=195788)","AAG"
"chr4","CWH43(dist=47352),NONE(dist=NONE)","AATGG"
"chr4","IGFBP7-AS1(dist=133338),LINC02380(dist=86073)","AAAGG"
"chr4","SCOC-AS1","AAG"
"chr4","REST(dist=6646),NOA1(dist=20188)","AAAAG"
"chr4","LINC02261(dist=1381028),MIR4275(dist=155638)","AAG"
"chr4","EREG(dist=24518),AREG(dist=31194)","AAGGC"
"chr4","CWH43(dist=76873),NONE(dist=NONE)","AATGG"
"chr4","WDR1(dist=17434),ZNF518B(dist=305446)","AATCCCAATTGACGGAG"
"chr4","C4orf33(dist=554185),LINC02466(dist=52195)","AAAGAAAGAAGGAAGGAAGG"
"chr4","LINC00499(dist=327421),LOC105377448(dist=67618)","AAGCC"
"chr4","CWH43(dist=568952),NONE(dist=NONE)","AATGG"
"chr4","LINC02172(dist=291564),LINC00616(dist=131437)","AAGGG"
"chr4","LINC02472(dist=1495477),PCDH7(dist=3148)","AGC"
"chr4","TLL1(dist=46230),SPOCK3(dist=581902)","AAG"
"chr4","CTSO(dist=59407),PDGFC(dist=746045)","AAG"
"chr4","LINC01618(dist=19789),RASL11B(dist=26114)","AAAAT"
"chr4","WDR1(dist=18221),ZNF518B(dist=304606)","AATCCCAATTGTGATGTAG"
"chr4","DBET(dist=42459),DUX4(dist=63014)","AACCCT"
"chr4","LINC00290","AAAAT"
"chr4","LINC02494(dist=98657),LINC02429(dist=348604)","AAAG"
"chr4","ENPP6(dist=90996),LINC02363(dist=31182)","ATCC"
"chr4","LINC02172(dist=291531),LINC00616(dist=131292)","AAAGGAAGGGAAGGGAAGGG"
"chr4","LINC02615(dist=130890),JADE1(dist=158780)","AAAAT"
"chr4","LINC02270(dist=169648),RAB28(dist=946453)","AAGG"
"chr4","MIR297(dist=22423),FAM241A(dist=1260809)","AGATATATATATATGGG"
"chr4","DBET(dist=42598),DUX4(dist=63040)","AACCCTAACCCTAAGCCCT"
"chr4","LINC02511(dist=109554),PCDH18(dist=195968)","AAGAAGAAGAAT"
"chr4","STATH(dist=7136),HTN3(dist=18075)","ACATATATAT"
"chr4","LCORL(dist=2057479),SLIT2(dist=171575)","ACATATATAT"
"chr4","LCORL(dist=814573),SLIT2(dist=1414232)","AAG"
"chr4","CWH43(dist=40176),NONE(dist=NONE)","AATGG"
"chr4","FAM13A(dist=39168),TIGD2(dist=13593)","AATATATATATATGATGG"
"chr4","WDR1(dist=18223),ZNF518B(dist=304702)","AATCCCAATTGACGGAG"
"chr4","TRAPPC11(dist=136686),STOX2(dist=52348)","AAAGGATGAGGG"
"chr4","MIR1973(dist=719107),TRAM1L1(dist=63425)","AAAATATATATATATTG"
"chr4","TACR3(dist=549413),CXXC4(dist=198350)","AAAGG"
"chr4","SCOC-AS1","AAGGAG"
"chr4","LINC02511(dist=109684),PCDH18(dist=196044)","AAGAGG"
"chr4","SMIM31(dist=60021),APELA(dist=12409)","AAG"
"chr4","NONE(dist=NONE),LINC00290(dist=818641)","AAAG"
"chr4","LINC02447(dist=11719),SORCS2(dist=76368)","ACCTCCTCCTC"
"chr4","LINC02511(dist=109683),PCDH18(dist=195969)","AAGAAGAGG"
"chr4","TMEM128(dist=15200),LYAR(dist=3603)","AAAGAAAGG"
"chr4","SNHG27(dist=550151),LINC01256(dist=248280)","ACATGTATACGTATAT"
"chr4","WDR1(dist=18264),ZNF518B(dist=304498)","AATTGATGGAGCATCCC"
"chr4","LINC01091(dist=559616),LINC02516(dist=8486)","AAG"
"chr4","LINC02270(dist=701400),RAB28(dist=414354)","AAAAT"
"chr4","ABRAXAS1(dist=35449),GPAT3(dist=14369)","AAAG"
"chr4_GL000008v2_random","NONE(dist=NONE),ANKRD20A12P(dist=156483)","AATGG"
"chr5","JAKMIP2","AAAG"
"chr5","JAKMIP2","AAAGAAAGAGAG"
"chr5","SLIT3","AAAG"
"chr5","MARCHF6","AAAAT"
"chr5","SEMA5A","AAAGG"
"chr5","SCAMP1","AAATAAATACTGTATTTAT"
"chr5","FGFR4","AGG"
"chr5","DTWD2","AAAG"
"chr5","PDZD2","AAAG"
"chr5","GZMA","AAAAT"
"chr5","MCC","ACATATATACATATATGT"
"chr5","GHR","AAAAT"
"chr5","SEMA5A","AAAAT"
"chr5","SRFBP1","AC"
"chr5","FGFR4","AAGAGGAGGAGGAGG"
"chr5","ATG10","AAAAG"
"chr5","SLIT3","AG"
"chr5","SCAMP1","AAATAAATACAGTATTTAT"
"chr5","SCAMP1","AAAG"
"chr5","ARL15","ACC"
"chr5","RASGEF1C","ACCGGGGATGGACGGAGGG"
"chr5","STK10","AAAGG"
"chr5","SPINK1","AAAG"
"chr5","BHMT(dist=47583),JMY(dist=55142)","AAAGG"
"chr5","IPO11-LRRC70","AAAG"
"chr5","BHMT(dist=47595),JMY(dist=55131)","AAAAAGGAAAGG"
"chr5","C5orf63(dist=173365),MEGF10(dist=42799)","AAG"
"chr5","BHMT(dist=48276),JMY(dist=55162)","AAGGG"
"chr5","MSX2(dist=11850),MIR4634(dist=8477)","AGGG"
"chr5","VCAN(dist=48687),HAPLN1(dist=5731)","AAAG"
"chr5","NSG2(dist=8183),LINC01411(dist=217737)","AAGG"
"chr5","LINC01847(dist=27324),ADRA1B(dist=16657)","AAGG"
"chr5","MSX2(dist=11939),MIR4634(dist=8500)","AAGGGAGGGAGG"
"chr5","LINC02220(dist=394218),DNAH5(dist=262457)","AAAG"
"chr5","NMUR2(dist=109345),LINC01470(dist=102803)","AAAG"
"chr5","TBC1D9B(dist=28575),RNF130(dist=17294)","AAAACGAAATATCATC"
"chr5","LINC02123(dist=23020),ADCY2(dist=22985)","ACC"
"chr5","RPL26L1(dist=8258),ATP6V0E1(dist=4962)","AAAG"
"chr5","LINC02214(dist=277556),LINC00992(dist=375149)","AAAAT"
"chr5","MSX2(dist=11985),MIR4634(dist=8457)","AAGGGAGGGAGGGAGG"
"chr5","BHMT(dist=47782),JMY(dist=55335)","AAGAC"
"chr5","LOC257396(dist=56651),FST(dist=307732)","AAAGG"
"chr5","IPO11(dist=575509),HTR1A(dist=752348)","ACC"
"chr5","TIFAB(dist=47498),NEUROG1(dist=33659)","AAAAT"
"chr5","LINC02201(dist=37330),SNX2(dist=5993)","AAGGAG"
"chr5","MAT2B(dist=218146),LINC02143(dist=710476)","AAG"
"chr5","FLT4(dist=8115),LINC02222(dist=24872)","ACAGAGGG"
"chr5","LOC648987","AAAG"
"chr6","EYS","AAG"
"chr6","PNPLA1","AAAG"
"chr6","SGK1","AAAG"
"chr6","IGF2R","AAAG"
"chr6","PKHD1","AAGG"
"chr6","VNN2","AAG"
"chr6","SLC18B1","AAAG"
"chr6","ZFAND3","AAG"
"chr6","PKHD1","ACCTCT"
"chr6","KATNA1","ACCAT"
"chr6","CYP39A1","AAAAT"
"chr6","EYS","AAGAAGGAGG"
"chr6","IGF2R","AAAGAAGG"
"chr6","IGF2R","AAGG"
"chr6","DST","AAAAG"
"chr6","FRK","AAAG"
"chr6","SUPT3H","AAGGAG"
"chr6","CFAP206(NM_001031743:c.-1868_-1751delins0)","ACACAGATCCGGAGCGCGC"
"chr6","SLC22A1","AAAG"
"chr6","TRERF1","AG"
"chr6","MYLK4","ACC"
"chr6","KATNA1","AAAAT"
"chr6","TULP4","AAGG"
"chr6","SMOC2(dist=171556),LOC105378146(dist=86242)","ACCGCGTCCTCATCAGC"
"chr6","GRIK2(dist=1134632),HACE1(dist=1522062)","AAG"
"chr6","LOC105374960(dist=177082),LNC-LBCS(dist=92074)","AAAG"
"chr6","TCP10L3(dist=9419),LOC105378127(dist=64541)","AAAGG"
"chr6","RIPOR2(dist=28072),CMAHP(dist=9981)","AGGG"
"chr6","MIR1202(dist=244579),SNORD28B(dist=186848)","AAGGG"
"chr6","SMOC2(dist=171365),LOC105378146(dist=86337)","ACCCCGTCCTCATCAGC"
"chr6","DEFB112(dist=657867),TFAP2D(dist=4745)","AAG"
"chr6","CEP85L(dist=31063),SELENOKP3(dist=40813)","AAAAT"
"chr6","LY86-AS1","AAAG"
"chr6","EXOC2(dist=140732),LOC101927691(dist=34005)","AAGGAAGGAAGGTAGG"
"chr6","LOC105374960(dist=177147),LNC-LBCS(dist=91975)","AAGG"
"chr6","ZNF391(dist=17779),ZNF184(dist=28352)","AAAG"
"chr6","MIR3144(dist=444882),TBC1D32(dist=618731)","AAAAT"
"chr6","LOC101927314(dist=158899),MIR2113(dist=156092)","AAAAT"
"chr6","LINC00574(dist=3625),LOC100131532(dist=154819)","ACACAGAGCTCACCACAG"
"chr6","LOC105374960(dist=177153),LNC-LBCS(dist=92201)","AAAGAAGG"
"chr6","B3GAT2(dist=201017),OGFRL1(dist=129914)","AAAG"
"chr6","SGK1(dist=77819),CT69(dist=32216)","AAAG"
"chr6","FAM120B(dist=52337),PSMB1(dist=75411)","AGCCCCTATCCCGCAGGAGG"
"chr6","SMOC2(dist=203423),LOC105378146(dist=55732)","AG"
"chr6","NOTCH4(dist=17925),TSBP1-AS1(dist=12145)","AAAGAAGGAAGGAAGGAAGG"
"chr6","DTNBP1(dist=436066),MYLIP(dist=29340)","AAG"
"chr6","MIR4465(dist=688455),NMBR(dist=701523)","ACACATATATACATATAT"
"chr6","LOC101928663(dist=1376),CARMIL1(dist=15675)","AAAG"
"chr6","LINC00602(dist=30885),LOC729681(dist=76239)","ATATATATATATCC"
"chr6","LOC100131532(dist=186544),LOC102724511(dist=4641)","AACCCAGGACCCCTCTACAG"
"chr6","CEP85L(dist=31267),SELENOKP3(dist=41199)","AAAATAGAAT"
"chr6","ZNF322(dist=88135),GUSBP2(dist=122818)","AAG"
"chr6","LOC101928519(dist=163904),LOC105374960(dist=104561)","AAAG"
"chr6","MAP3K7(dist=883600),MIR4643(dist=49703)","AATACATATATAATATAT"
"chr6","SMOC2(dist=171409),LOC105378146(dist=86432)","ACAGGGTGCTGATGAGG"
"chr6","HLA-V","AAAG"
"chr6","NOTCH4(dist=17864),TSBP1-AS1(dist=11985)","AAGG"
"chr6","FAM120B(dist=50098),PSMB1(dist=74585)","ACAGGAGGAGCCCCTATCCC"
"chr6","LINC01622(dist=103248),FOXQ1(dist=105822)","ACCCACTCTATCCCAGC"
"chr6","MIR1202(dist=244063),SNORD28B(dist=187025)","AAAGG"
"chr6","KCNQ5(dist=16303),KHDC1L(dist=7115)","AATATATACATACAT"
"chr6","LINC01277","AAAAT"
"chr6","PLA2G7(dist=8117),ANKRD66(dist=1987)","AAG"
"chr6","EXOC2(dist=140504),LOC101927691(dist=33684)","AAGG"
"chr6","MIR588(dist=331524),RSPO3(dist=301772)","AAAG"
"chr7","NRCAM","AAAGG"
"chr7","JAZF1","AAAGG"
"chr7","PLXNA4","AAAGG"
"chr7","NRCAM","AAAG"
"chr7","CPED1","AAG"
"chr7","LMTK2","AAAG"
"chr7","GALNT17","AAAAT"
"chr7","GALNT17","AAGGGAGAGAGGGAGGGAGG"
"chr7","NME8(NM_016616:c.-1670_-1425delins0)","AAG"
"chr7","SRPK2","AAAG"
"chr7","SUGCT","AAAG"
"chr7","SEMA3C","ACATATATATGTATC"
"chr7","SEMA3C","ACATACATATGTATC"
"chr7","NRCAM","AAAGAAGG"
"chr7","SVOPL","ACATAGATAGATAGAT"
"chr7","GNA12","ACATC"
"chr7","NDUFB2","AACAT"
"chr7","ABCB1","ACACATATATATG"
"chr7","IMMP2L","AG"
"chr7","FAM20C","ACAGGTCTCCCGGGTGGC"
"chr7","HOXA3","AG"
"chr7","SSPOP","AATGGGACGAGGTGGGC"
"chr7","NRCAM","AAAAG"
"chr7","DGKI","AAAAT"
"chr7","NCAPG2","AAATGGACCACAACCACGCC"
"chr7","PLXNA4","AACAG"
"chr7","GRM3","AAAAT"
"chr7","SDHAF3(dist=130466),TAC1(dist=418985)","AAAG"
"chr7","ARL4A(dist=511484),ETV1(dist=687774)","AAAG"
"chr7","LINC01448(dist=27200),C7orf25(dist=174619)","AAG"
"chr7","LOC101927378(dist=106088),SEMA3D(dist=303882)","AAG"
"chr7","AKR1B1(dist=56942),AKR1B10(dist=10313)","AAAAG"
"chr7","ADCYAP1R1(dist=222339),NEUROD6(dist=2823)","AAAG"
"chr7","PHF14(dist=28333),THSD7A(dist=171199)","AAGG"
"chr7","CCDC71L(dist=79718),PIK3CG(dist=123636)","AAAAT"
"chr7","HTR5A(dist=52442),INSIG1(dist=156462)","AGCATCCCTGAGCCCC"
"chr7","SNX13(dist=42351),PRPS1L1(dist=43181)","AAG"
"chr7","PRSS37(dist=71872),OR9A4(dist=2264)","AAAAT"
"chr7","FAM20C(dist=22713),FOXL3(dist=5649)","AAAG"
"chr7","SMARCD3(dist=39111),NUB1(dist=24921)","AAAAT"
"chr7","DPY19L1(dist=5673),DPY19L2P1(dist=34531)","AAATGGTGAGGGGCACTGGG"
"chr7","UNCX(dist=34440),MICALL2(dist=162370)","ACAGACGCTGCCCACCTCCC"
"chr7","UNCX(dist=33792),MICALL2(dist=162321)","ACACTGCCCACCTCCCACAG"
"chr7","ZNF767P","AAAACC"
"chr7","SNX13(dist=42304),PRPS1L1(dist=43139)","AAGAAGAGG"
"chr7","LOC102723427(dist=1429835),CT66(dist=131342)","AAAG"
"chr7","LOC116435278(dist=43476),PDGFA(dist=13312)","ATCC"
"chr7","EVX1(dist=218554),HIBADH(dist=58536)","AGGGAT"
"chr7","AASS(dist=143493),FEZF1(dist=12422)","AAG"
"chr7","LOC646762(dist=434)","ACACATATATATATATAT"
"chr7","UNCX(dist=34157),MICALL2(dist=162353)","ACACTATCCACCTCCCACAG"
"chr7","LEP(dist=633)","AAAG"
"chr7","PODXL(dist=271772),LOC101928782(dist=80932)","AAAG"
"chr7","STEAP2-AS1","ACATATATAT"
"chr7","FZD1(dist=457807),MTERF1(dist=141584)","AAGGG"
"chr7","NAPEPLD(dist=10724),DPY19L2P2(dist=13714)","AAATGGTGAGGGGCACTGGG"
"chr7","AUTS2(dist=78762),GALNT17(dist=259431)","AGGG"
"chr7","SDK1(dist=301827),FOXK1(dist=110972)","ACATATACATATGTATAT"
"chr8","SLCO5A1","AAAGG"
"chr8","EPHX2","AAG"
"chr8","CHRNA6","AAAG"
"chr8","DEPTOR","AAAAT"
"chr8","ARHGEF10","AACTGGGGCCGCGGCGGG"
"chr8","MYOM2","AAGG"
"chr8","MTERF3","AAGAAGAGGAGG"
"chr8","CSMD1","ACCACCATCCTCT"
"chr8","LOC101927815","ACAGCGCTGAGGCGCCAGG"
"chr8","DLGAP2","AAAGGCTGGAGGGGTCGGG"
"chr8","MTERF3","AAG"
"chr8","IDO2","AAGGAG"
"chr8","MTSS1","AAAAG"
"chr8","LOC101929128(dist=79748),LOC157273(dist=41128)","AAAGG"
"chr8","CLN8(dist=12427),MIR3674(dist=1524)","AAGGAGGAGGAGGAG"
"chr8","CRISPLD1(dist=69909),CASC9(dist=117434)","AAAGG"
"chr8","IMPA1(dist=1897),SLC10A5(dist=4563)","AAAG"
"chr8","C8orf86(dist=27444),RNF5P1(dist=42861)","AAG"
"chr8","C8orf86(dist=27663),RNF5P1(dist=43155)","AAGAAGAAGAGG"
"chr8","CDCA2(dist=87958),EBF2(dist=244740)","AAAG"
"chr8","ANK1(dist=2671),KAT6A(dist=29550)","AAAAT"
"chr8","MCPH1-AS1","AAGG"
"chr8","SNTG1(dist=176578),PXDNL(dist=345558)","AAAAT"
"chr8","PRAG1(dist=95005),CLDN23(dist=219802)","AAAG"
"chr8","ZMAT4(dist=38268),SFRP1(dist=324827)","AAGG"
"chr8","RNU105C(dist=29888),SOX17(dist=96007)","AAGAAGGGAAGG"
"chr8","VIRMA(dist=53057),LOC100288748(dist=29672)","AAAG"
"chr8","LOC101927822(dist=340405),ZFAT(dist=233690)","AGG"
"chr8","LOC729732","AACCTCCTCCTCACTGC"
"chr8","LINC00208(dist=55565),GATA4(dist=38681)","ACACACACCCTCACAT"
"chr8","ZNF252P","AACCCT"
"chr8","LOC101927657(dist=84504),LRATD2(dist=137556)","AAAG"
"chr8","CLN8(dist=12488),MIR3674(dist=1444)","AAG"
"chr8","SNTB1(dist=69791),HAS2(dist=729621)","AAAG"
"chr9","KANK1","AGGG"
"chr9","OSTF1","AAAGAAGG"
"chr9","OSTF1","AAAG"
"chr9","OSTF1","AAGG"
"chr9","MUSK","AAAAT"
"chr9","IL33","AACATATATATATATGGAG"
"chr9","ELP1","ACACACACATACACGCC"
"chr9","IZUMO3(NM_001365008:c.248_224delins0)","AAAAG"
"chr9","NCS1","AAAG"
"chr9","DOCK8","ACC"
"chr9","PCSK5","AAAG"
"chr9","PRRC2B","AAAGAGAG"
"chr9","PRRC2B","AAAG"
"chr9","FCN1(NM_002003:c.*4632_*3465delins0)","AAG"
"chr9","PLPPR1","AAG"
"chr9","SLC24A2","AAAGG"
"chr9","MIR4291(dist=96574),BARX1(dist=35052)","AAGG"
"chr9","OR13D1(dist=335)","AAAG"
"chr9","TLR4(dist=942700),LINC02578(dist=11383)","AAAG"
"chr9","DELEC1","AAAAT"
"chr9","C9orf62(dist=37850),PPP1R26-AS1(dist=77111)","AACCATTCCTAGCCATTCCT"
"chr9","RXRA(dist=34743),COL5A1(dist=164689)","AACTGGGGCCTAGAGTGAGG"
"chr9","LINC01506(dist=36639),PIP5K1B(dist=121082)","AAAG"
"chr9","RNF38(dist=105611),MELK(dist=65425)","AAG"
"chr9","LOC101927502(dist=16199),SPATA31D5P(dist=119739)","AAAG"
"chr9","C9orf62(dist=37768),PPP1R26-AS1(dist=77076)","AATGGCTAGG"
"chr9","IZUMO3(dist=997148),TUSC1(dist=133544)","AAAAT"
"chr9","NONE(dist=NONE),DDX11L5(dist=1690)","AAACCCT"
"chr9","CTSL(dist=14666),CTSL3P(dist=26133)","AAGGAG"
"chr9","RXRA(dist=35762),COL5A1(dist=164982)","AACTGGGACCTAGAGTGAGG"
"chr9","IZUMO3(dist=215)","AAAGG"
"chr9","LINC00587(dist=173899),CYLC2(dist=162845)","ACATATATATGATAT"
"chr9","MTAP(dist=47507),CDKN2A-DT(dist=52264)","AAGG"
"chr9","FREM1(dist=79863),LOC389705(dist=1414)","AAGATGGTGGGGCAAGGTGT"
"chr9","CTSL(dist=14605),CTSL3P(dist=26010)","AAG"
"chr9","MTAP(dist=47475),CDKN2A-DT(dist=51819)","AAAG"
"chr9","KDM4C(dist=156729),DMAC1(dist=463148)","AAAGG"
"chr9","PTPRD-AS2(dist=2057154),TYRP1(dist=15152)","AAAAT"
"chr9","LOC389705(dist=106442),TTC39B(dist=36136)","AGG"
"chrX","DMD","AAG"
"chrX","REPS2","AAAG"
"chrX","PLAC1","AAAG"
"chrX","FAM120C","AAACT"
"chrX","HDAC8","AAAG"
"chrX","SHROOM2","AAATAGAATAG"
"chrX","GRIA3","AAAG"
"chrX","CDKL5","AAAG"
"chrX","CDKL5","AAAGAAGG"
"chrX","ARHGAP6","AAAAG"
"chrX","FRMPD4","AAAG"
"chrX","MAP3K15","AAGAG"
"chrX","GK","AAAG"
"chrX","SHROOM2","ACTCT"
"chrX","FRMPD4","AAAG"
"chrX","MAP3K15","AAGGG"
"chrX","FAM120C","AAAAT"
"chrX","CSF2RA","AACCGCACTGCACCTGCCC"
"chrX","FAM156A","AAAAG"
"chrX","ARMCX4","AGCCCC"
"chrX","SLC9A7","AAAG"
"chrX","ASMT(dist=92320),DHRSX(dist=483097)","AAAGAGGAGGAGGGAG"
"chrX","PLS3(dist=54526),DANT2(dist=134033)","AAAGAGAGAGAG"
"chrX","LOC101928335","AAAGG"
"chrX","LINC01285(dist=22552),LONRF3(dist=68533)","AAG"
"chrX","SHOX(dist=250146),CRLF2(dist=279762)","AAAG"
"chrX","PLS3(dist=54257),DANT2(dist=133810)","AAAG"
"chrX","PLS3(dist=54701),DANT2(dist=134123)","AAAGAGAG"
"chrX","DDX11L16(dist=1701),NONE(dist=NONE)","AACCCT"
"chrX","ASMT(dist=38144),DHRSX(dist=536879)","AG"
"chrX","CD99L2(dist=77954),HMGB3(dist=2892)","AAAG"
"chrX","C1GALT1C1(dist=154451),CT47B1(dist=87125)","AAAG"
"chrX","LINC02595(dist=465146),LINC01186(dist=8564)","AAGGTGGTGAGCATGAGG"
"chrX","ASMT(dist=563052),DHRSX(dist=12532)","AAAGG"
"chrX","XGY2","AAGGAAGGAAGGAGAG"
"chrX","LOC101928201(dist=1170028),NLGN4X(dist=85335)","AAAG"
"chrX","LOC101928201(dist=669294),NLGN4X(dist=585938)","ACATATATATGGT"
"chrX","INTS6L(dist=62852),SAGE2P(dist=31930)","AGATATATATATGG"
"chrX","MAGEB17(dist=206832),CTPS2(dist=209340)","AACATATATCTCATATAT"
"chrX","ZDHHC9(dist=57517),UTP14A(dist=3949)","AAGGT"
"chrX","CENPVL3(dist=2149),CENPVL2(dist=59303)","AAG"
"chrX","ASMT(dist=39116),DHRSX(dist=537121)","AACGAGAG"
"chrX","XGY2","AAGGAAGGAGAGAGGG"
"chrX","GPR50(dist=104162),VMA21(dist=109874)","AAAG"
"chrX","NR0B1(dist=230124),TASL(dist=18503)","AAG"
"chrX","PPP2R3B(dist=32924),SHOX(dist=203895)","AAGGAAGGAAGGG"
"chrX","XGY2","AAGGAGAGAAGGGAGG"
"chrX","GABRE(dist=44533),MAGEA10-MAGEA5(dist=93851)","AAAG"
"chrX","LOC101927476(dist=269095),ATP6AP2(dist=23133)","AAAG"
"chrX","SHOX(dist=17059),CRLF2(dist=513599)","AAAAT"
"chrY","TTTY23(dist=1378938),GYG2P1(dist=1112192)","ACTCC"
"chrY","TTTY23(dist=1380181),GYG2P1(dist=1112499)","AATGGAATGGAGTGGAGTGG"
"chrY","TTTY23(dist=1378666),GYG2P1(dist=1109855)","AATGG"
